Book Id,Title,Author,Author l-f,Additional Authors,ISBN,ISBN13,My Rating,Average Rating,Publisher,Binding,Number of Pages,Year Published,Original Publication Year
8679996,Python 3 Object Oriented Programming,Dusty Phillips,"Phillips, Dusty",,1849511268,9781849511261,0,4.02,Packt Publishing,Capa comum,388.0,2010.0,2010.0
22514127,Automate the Boring Stuff with Python: Practical Programming for Total Beginners,Al Sweigart,"Sweigart, Al",,1593275994,9781593275990,5,4.29,No Starch Press,Paperback,479.0,2015.0,2014.0
17397466,An Introduction to Statistical Learning: With Applications in R,Gareth James,"James, Gareth","Trevor Hastie, Robert Tibshirani, Daniela Witten",1461471370,9781461471370,0,4.61,Springer,Hardcover,426.0,2017.0,2013.0
40363665,"Hands-On Machine Learning with Scikit-Learn, Keras, and Tensorflow: Concepts, Tools, and Techniques to Build Intelligent Systems",Aurélien Géron,"Géron, Aurélien",,1492032646,,0,4.57,O'Reilly Media,Paperback,856.0,2019.0,2017.0
43606157,"Cytonic (Skyward, #3)",Brandon Sanderson,"Sanderson, Brandon",,1473217938,9781473217935,0,4.34,Gollancz,Hardcover,409.0,2021.0,2021.0
58465495,"Evershore (Skyward, #3.1)",Brandon Sanderson,"Sanderson, Brandon",Janci Patterson,,9780593566633,0,4.42,Delacorte Press,ebook,,2021.0,2021.0
44492285,"Dune Messiah (Dune Chronicles, #2)",Frank Herbert,"Herbert, Frank",,0593098234,9780593098233,0,3.89,Ace Books,Paperback,337.0,2019.0,1969.0
44767458,"Dune (Dune, #1)",Frank Herbert,"Herbert, Frank",,059309932X,9780593099322,5,4.24,Ace Books,Hardcover,688.0,2019.0,1965.0
57903879,ReDawn (Skyward #2.2),Brandon Sanderson,"Sanderson, Brandon",Janci Patterson,,9780593566626,5,4.33,Delacorte Press,ebook,229.0,2021.0,2021.0
9969571,"Ready Player One (Ready Player One, #1)",Ernest Cline,"Cline, Ernest",,030788743X,9780307887436,0,4.24,Crown Publishers,Hardcover,374.0,2011.0,2011.0
8855321,"Leviathan Wakes (The Expanse, #1)",James S.A. Corey,"Corey, James S.A.",,1841499889,9781841499888,0,4.25,Orbit,Paperback,561.0,2011.0,2011.0
46787,Uncle Tom's Cabin,Harriet Beecher Stowe,"Stowe, Harriet Beecher",Đỗ Đức Hiểu,,,5,3.88,Wordsworth Classics,Paperback,438.0,1999.0,1852.0
57903876,Sunreach (Skyward #2.1),Brandon Sanderson,"Sanderson, Brandon",Janci Patterson,,9780593566619,5,4.25,Delacorte Press,ebook,208.0,2021.0,2021.0
57094644,Daughter of the Deep,Rick Riordan,"Riordan, Rick",,1368077927,9781368077927,0,4.36,Disney-Hyperion,Hardcover,352.0,2021.0,2021.0
228665,"The Eye of the World (The Wheel of Time, #1)",Robert Jordan,"Jordan, Robert",,0812511816,9780812511819,5,4.17,Tor Books,Mass Market Paperback,814.0,1990.0,1990.0
16031812,"A Memory of Light (Wheel of Time, #14)",Robert Jordan,"Jordan, Robert",Brandon Sanderson,,,5,4.5,Tor Books,Kindle Edition,1025.0,2013.0,2013.0
44492286,"Children of Dune (Dune Chronicles, #3)",Frank Herbert,"Herbert, Frank",,0593098242,9780593098240,0,3.95,Ace Books,Paperback,609.0,2019.0,1976.0
35167718,"""What Do You Care What Other People Think?"": Further Adventures of a Curious Character",Richard P. Feynman,"Feynman, Richard P.",Ralph Leighton,0393355640,9780393355642,5,4.11,W. W. Norton  Company,Paperback,288.0,2018.0,1988.0
768889,"A Storm of Swords: Steel and Snow (A Song of Ice and Fire, #3: Part 1 of 2)",George R.R. Martin,"Martin, George R.R.",,0006479901,9780006479901,5,4.42,HarperVoyager,Paperback,663.0,2001.0,2000.0
147915,"A Storm of Swords 2: Blood and Gold (A Song of Ice and Fire, #3, Part 2 of 2)",George R.R. Martin,"Martin, George R.R.",,0007119550,9780007119554,5,4.5,HarperVoyager ,Paperback,639.0,2011.0,2000.0
35959740,Circe,Madeline Miller,"Miller, Madeline",,0316556343,9780316556347,5,4.26,"Little, Brown and Company",Hardcover,393.0,2018.0,2018.0
69571,"Rich Dad, Poor Dad",Robert T. Kiyosaki,"Kiyosaki, Robert T.",Sharon L. Lechter,0751532711,9780751532715,5,4.1,Time Warner Books UK,Paperback,195.0,2007.0,1997.0
150131,The First Three Minutes: A Modern View of the Origin of the Universe,Steven Weinberg,"Weinberg, Steven",,0465024378,9780465024377,0,4.09,Basic Books,Paperback,203.0,1993.0,1977.0
6185,Wuthering Heights,Emily Brontë,"Brontë, Emily","Richard J. Dunn, Charlotte Brontë, Robert Heindel, Sőtér István",,,0,3.87,Norton,Paperback,464.0,2002.0,1847.0
13623848,The Song of Achilles,Madeline Miller,"Miller, Madeline",,0062060627,9780062060624,0,4.41,Ecco,Paperback,378.0,2012.0,2011.0
19063,The Book Thief,Markus Zusak,"Zusak, Markus",,,,5,4.38,Alfred A. Knopf,Hardcover,552.0,2006.0,2005.0
1772432,कायाकल्प,Munshi Premchand,"Premchand, Munshi",,,,4,3.92,,,,2007.0,2007.0
31817749,"The Stone Sky (The Broken Earth, #3)",N.K. Jemisin,"Jemisin, N.K.",,,,5,4.3,Orbit,Paperback,416.0,2017.0,2017.0
36329818,"Legendary (Caraval, #2)",Stephanie Garber,"Garber, Stephanie",,125009531X,9781250095312,0,4.23,Flatiron Books,Hardcover,451.0,2018.0,2018.0
40381392,"Finale (Caraval, #3)",Stephanie Garber,"Garber, Stephanie",,1250157668,9781250157669,0,4.2,Flatiron Books,Hardcover,478.0,2019.0,2019.0
27883214,"Caraval (Caraval, #1)",Stephanie Garber,"Garber, Stephanie",,1250095255,9781250095251,0,3.97,Flatiron Books,Hardcover,407.0,2017.0,2017.0
26228034,"The Obelisk Gate (The Broken Earth, #2)",N.K. Jemisin,"Jemisin, N.K.",,,,5,4.27,Orbit,Paperback,410.0,2016.0,2016.0
817589,Learn to Earn: A Beginner's Guide to the Basics of Investing and Business,Peter Lynch,"Lynch, Peter",John Rothchild,0684811634,9780684811635,5,4.04,Simon  Schuster,Paperback,272.0,1996.0,1995.0
17999205,Computing with Quantum Cats: From Colossus to Qubits,John Gribbin,"Gribbin, John",,0593071158,9780593071151,5,3.74,Bantam Press,Paperback,304.0,2013.0,2013.0
23264672,"Darkdawn (The Nevernight Chronicle, #3)",Jay Kristoff,"Kristoff, Jay",,,,0,4.31,Thomas Dunne Books,Kindle Edition,491.0,2019.0,2019.0
23264671,"Godsgrave (The Nevernight Chronicle, #2)",Jay Kristoff,"Kristoff, Jay",,1250073030,9781250073037,0,4.49,St. Martin's Press,Hardcover,419.0,2017.0,2017.0
26114463,"Nevernight (The Nevernight Chronicle, #1)",Jay Kristoff,"Kristoff, Jay",,1250073022,9781250073020,0,4.2,St. Martin's Press,Hardcover,429.0,2016.0,2016.0
33208134,प्रेमाश्रम [Premashram],Munshi Premchand,"Premchand, Munshi",,,,4,4.21,Public Domain Books,Kindle Edition,722.0,,1956.0
41820,Pebble in the Sky (Galactic Empire #3),Isaac Asimov,"Asimov, Isaac",,0553293427,9780553293425,0,3.89,Bantam,Paperback,308.0,1991.0,1950.0
509784,The End of Eternity,Isaac Asimov,"Asimov, Isaac",,0449016196,9780449016190,0,4.23,Fawcett Crest,Mass Market Paperback,192.0,1971.0,1955.0
41821,The Gods Themselves,Isaac Asimov,"Asimov, Isaac",,1857989341,9781857989342,0,4.09,Millenium,Paperback,288.0,2000.0,1972.0
33208623,चन्द्रगुप्त,जयशंकर प्रसाद,"प्रसाद, जयशंकर",Jaishankar Prasad,,,5,4.07,Public Domain Books,Kindle Edition,226.0,,1994.0
13121708,कामायनी,जयशंकर प्रसाद,"प्रसाद, जयशंकर",Jaishankar Prasad,8126700386,9788171783212,5,4.27,Rajkamal Prakashan,Paperback,159.0,1994.0,1936.0
38893804,ध्रुवस्वामिनी,जयशंकर प्रसाद,"प्रसाद, जयशंकर",Jaishankar Prasad,,,5,4.02,Public Domain Books,Kindle Edition,81.0,,
17977451,स्कंदगुप्त,जयशंकर प्रसाद,"प्रसाद, जयशंकर",Jaishankar Prasad,,9788179873533,5,4.1,,Paperback,120.0,,1964.0
16028766,अजातशत्रु,जयशंकर प्रसाद,"प्रसाद, जयशंकर",Jaishankar Prasad,8171831044,,4,3.72,Bishanchand & Sons,Hardcover,,2011.0,2011.0
33220017,इंद्रजाल,जयशंकर प्रसाद,"प्रसाद, जयशंकर",Jaishankar Prasad,,,5,3.97,Public Domain Books,Kindle Edition,155.0,,
694226,गोदान [Godaan],Munshi Premchand,"Premchand, Munshi",मुंशी प्रेमचंद,8172242190,9788172242190,5,4.37,Jaico Publishing House,Paperback,352.0,2002.0,1936.0
694207,Nirmala,Munshi Premchand,"Premchand, Munshi",मुंशी प्रेमचंद,0195658264,9780195658262,5,4.13,"Oxford University Press, USA",Paperback,218.0,2001.0,1899.0
11692391,Gaban,Munshi Premchand,"Premchand, Munshi",मुंशी प्रेमचंद,8122311962,9788122311969,5,4.3,Cedar Books,Paperback,272.0,2011.0,1931.0
17415301,वरदान,Munshi Premchand,"Premchand, Munshi",मुंशी प्रेमचंद,8181332997,9788181332998,4,3.78,Manoj Publications,Paperback,128.0,2004.0,1899.0
15729142,रंगभूमि,Munshi Premchand,"Premchand, Munshi",,,,5,4.24,,,,,1925.0
29904088,प्रतिज्ञा : Pledge,Munshi Premchand,"Premchand, Munshi",मुंशी प्रेमचंद,,,3,4.02,Palm Leaf Press,Kindle Edition,97.0,2016.0,1927.0
28595941,Arcanum Unbounded: The Cosmere Collection,Brandon Sanderson,"Sanderson, Brandon",,0765391163,9780765391162,5,4.5,Tor Books,Hardcover,672.0,2016.0,2016.0
18405,Gone with the Wind,Margaret Mitchell,"Mitchell, Margaret",,0446675539,9780446675536,0,4.3,Warner Books,Mass Market Paperback,1037.0,1999.0,1936.0
5344,Hard Times,Charles Dickens,"Dickens, Charles",,0321107217,9780321107213,4,3.54,Pearson Longman,Paperback,353.0,2003.0,1854.0
22841994,"Harry Potter and the Philosopher's Stone (Harry Potter, #1)",J.K. Rowling,"Rowling, J.K.",,1408855658,9781408855652,5,4.47,Bloomsbury,Paperback,332.0,2014.0,1997.0
19161852,"The Fifth Season (The Broken Earth, #1)",N.K. Jemisin,"Jemisin, N.K.",,,,5,4.27,Orbit,Paperback,468.0,2015.0,2015.0
8695,"The Restaurant at the End of the Universe (Hitchhiker's Guide to the Galaxy, #2)",Douglas Adams,"Adams, Douglas",,,,5,4.2,Del Rey,Paperback,250.0,2005.0,1980.0
54513688,"Realm Breaker (Realm Breaker, #1)",Victoria Aveyard,"Aveyard, Victoria",,,,3,3.71,Orion Publishing,Kindle Edition,576.0,2021.0,2021.0
26032825,"The Cruel Prince (The Folk of the Air, #1)",Holly Black,"Black, Holly",,,,5,4.09,"Little, Brown Books for Young Readers",Hardcover,370.0,2018.0,2018.0
386162,"The Hitchhiker's Guide to the Galaxy (Hitchhiker's Guide to the Galaxy, #1)",Douglas Adams,"Adams, Douglas",,,,5,4.22,Del Rey,Paperback,193.0,2007.0,1979.0
31520883,"A ​Sky Beyond the Storm (An Ember in the Ashes, #4)",Sabaa Tahir,"Tahir, Sabaa",,000828881X,9780008288815,4,4.36,Razorbill,Paperback,516.0,2021.0,2020.0
569429,"Mostly Harmless (Hitchhiker's Guide to the Galaxy, #5)",Douglas Adams,"Adams, Douglas",,0345379330,9780345379337,0,3.95,Del Rey,Paperback,288.0,1993.0,1992.0
6091075,"So Long, and Thanks for All the Fish (The Hitchhiker's Guide to the Galaxy, #4)",Douglas Adams,"Adams, Douglas",,,,0,4.09,Del Rey,Kindle Edition,225.0,2008.0,1984.0
8694,"Life, the Universe and Everything (Hitchhiker's Guide to the Galaxy, #3)",Douglas Adams,"Adams, Douglas",,0345418905,9780345418906,0,4.18,Del Rey,Paperback,224.0,2005.0,1982.0
4671,The Great Gatsby,F. Scott Fitzgerald,"Fitzgerald, F. Scott",,,,4,3.93,Scribner,Paperback,200.0,2004.0,1925.0
30809786,"A Reaper at the Gates (An Ember in the Ashes, #3)",Sabaa Tahir,"Tahir, Sabaa",,0448494507,9780448494500,5,4.21,Razorbill,Hardcover,458.0,2018.0,2018.0
20821111,"The Young Elites (The Young Elites, #1)",Marie Lu,"Lu, Marie",,0399167838,9780399167836,0,3.87,G.P. Putnam’s Sons Books for Young Readers,Hardcover,355.0,2014.0,2014.0
11196914,"Gardens of the Moon (The Malazan Book of the Fallen, #1)",Steven Erikson,"Erikson, Steven",,,,0,3.89,Transworld Digital,Kindle Edition,772.0,2009.0,1999.0
27774758,"An Ember in the Ashes (An Ember in the Ashes, #1)",Sabaa Tahir,"Tahir, Sabaa",,,,4,4.25,Razorbill,Paperback,446.0,2016.0,2015.0
25591568,"A Torch Against the Night (An Ember in the Ashes, #2)",Sabaa Tahir,"Tahir, Sabaa",,,,3,4.23,Razorbill,Kindle Edition,467.0,2016.0,2016.0
30169100,"The Burning White (Lightbringer, #5)",Brent Weeks,"Weeks, Brent",,0316251305,9780316251303,5,4.28,Orbit,Hardcover,992.0,2019.0,2019.0
25608737,Concepts of Physics (Part 1),H.C. Verma,"Verma, H.C.",,,,5,4.34,Bhart Bhawan,Paperback,456.0,2013.0,1999.0
1215032,"The Wise Man's Fear (The Kingkiller Chronicle, #2)",Patrick Rothfuss,"Rothfuss, Patrick",,0756404738,9780756404734,5,4.53,DAW Books,Hardcover,994.0,2011.0,2011.0
26032887,"The Wicked King (The Folk of the Air, #2)",Holly Black,"Black, Holly",,0316310336,9780316310338,5,4.33,"Little, Brown Books for Young Readers",ebook,336.0,2019.0,2019.0
68429,"The Well of Ascension (Mistborn, #2)",Brandon Sanderson,"Sanderson, Brandon",,0765316889,9780765316882,5,4.35,Tor Books,Hardcover,590.0,2007.0,2007.0
2715644,The Universe: A Biography,John Gribbin,"Gribbin, John",,0141021470,9780141021478,4,3.89,Penguin Books,Paperback,242.0,2008.0,2007.0
15241,"The Two Towers (The Lord of the Rings, #2)",J.R.R. Tolkien,"Tolkien, J.R.R.","Peter S. Beagle, Дж.Р.Р. Толкін, Аліна Немірова, П. Риженко",0618346260,9780618346264,5,4.45,Houghton Mifflin,Paperback,322.0,2003.0,1954.0
561456,"The Titan's Curse (Percy Jackson and the Olympians, #3)",Rick Riordan,"Riordan, Rick",Cẩm Chi,0141382899,9780141382890,5,4.34,Puffin Books,Paperback,320.0,2007.0,2007.0
12974095,"The Throne of Fire (Kane Chronicles, #2)",Rick Riordan,"Riordan, Rick",,1423142012,9781423142010,5,4.16,Disney-Hyperion Books,Paperback,452.0,2012.0,2011.0
1953,A Tale of Two Cities,Charles Dickens,"Dickens, Charles",Richard Maxwell,0141439602,9780141439600,0,3.86,Penguin Books,Paperback,489.0,2003.0,1859.0
17364,"Surely You're Joking, Mr. Feynman!",Richard P. Feynman,"Feynman, Richard P.",,009917331X,9780099173311,5,4.24,Vintage,Paperback,350.0,2006.0,1985.0
42769202,"Starsight (Skyward, #2)",Brandon Sanderson,"Sanderson, Brandon",,1473217903,9781473217904,5,4.42,Orion Publishing Co,Paperback,461.0,2019.0,2019.0
36642458,"Skyward (Skyward, #1)",Brandon Sanderson,"Sanderson, Brandon",,1473217857,9781473217850,5,4.5,Gollancz,Hardcover,513.0,2018.0,2018.0
23437156,"Six of Crows (Six of Crows, #1)",Leigh Bardugo,"Bardugo, Leigh",,1627792120,9781627792127,5,4.47,Henry Holt & Company,Hardcover,465.0,2015.0,2015.0
28186,"The Sea of Monsters (Percy Jackson and the Olympians, #2)",Rick Riordan,"Riordan, Rick",,0786856866,9780786856862,5,4.24,Hyperion Books,Hardcover,279.0,2006.0,2006.0
7090447,"The Red Pyramid (The Kane Chronicles, #1)",Rick Riordan,"Riordan, Rick",,1423113381,9781423113386,0,4.08,Disney-Hyperion,Hardcover,528.0,2010.0,2010.0
18254,Oliver Twist,Charles Dickens,"Dickens, Charles","Philip Horne, Gerald Dickens, 查尔斯·狄更斯, 吴倩卓",,,0,3.87,Penguin Books,Paperback,608.0,2003.0,1838.0
52670,"One, Two, Three...Infinity: Facts and Speculations of Science",George Gamow,"Gamow, George",,0486256642,9780486256641,5,4.2,Dover Publications,Paperback,384.0,1988.0,1947.0
26032912,"The Queen of Nothing (The Folk of the Air, #3)",Holly Black,"Black, Holly",Anne Brauner,0316310409,9780316310406,5,4.35,"Little, Brown",ebook,300.0,2019.0,2019.0
50398,Northanger Abbey,Jane Austen,"Austen, Jane",Alfred Mac Adam,1593082649,9781593082642,5,3.84,Barnes & Noble Classics,Paperback,260.0,2005.0,1817.0
2156,Persuasion,Jane Austen,"Austen, Jane","Deidre Shauna Lynch, James Kinsley",0192802631,9780192802637,5,4.14,Oxford University Press,Paperback,249.0,2004.0,1817.0
68428,"The Final Empire (Mistborn, #1)",Brandon Sanderson,"Sanderson, Brandon",,,9780765311788,5,4.44,Tor Books,Hardcover,541.0,2006.0,2006.0
4556058,"The Last Olympian (Percy Jackson and the Olympians, #5)",Rick Riordan,"Riordan, Rick",,1423101472,9781423101475,5,4.5,Disney ● Hyperion Books,Hardcover,381.0,2009.0,2009.0
186074,"The Name of the Wind (The Kingkiller Chronicle, #1)",Patrick Rothfuss,"Rothfuss, Patrick",,075640407X,9780756404079,5,4.51,Penguin Group DAW,Hardcover,662.0,2007.0,2007.0
35180922,The Mill on the Floss,George Eliot,"Eliot, George",,8175993839,9788175993839,5,3.81,Prakash Book Depot,Paperback,560.0,2015.0,1860.0
10210,Jane Eyre,Charlotte Brontë,"Brontë, Charlotte",Michael Mason,0142437204,9780142437209,5,4.13,Penguin,Paperback,532.0,2003.0,1847.0
2767793,"The Hero of Ages (Mistborn, #3)",Brandon Sanderson,"Sanderson, Brandon",,0765316897,9780765316899,5,4.48,Tor Books,Hardcover,572.0,2008.0,2008.0
19005287,In Search of Schrödinger's Cat: Quantum Physics and Reality,John Gribbin,"Gribbin, John",,,,5,4.05,Transworld Digital,Kindle Edition,400.0,2012.0,1984.0
10852065,"The Hope of Elantris (Elantris, #1.5)",Brandon Sanderson,"Sanderson, Brandon",,,,4,3.7,Brandon Sanderson,,25.0,2006.0,2006.0
12127810,"The House of Hades (The Heroes of Olympus, #4)",Rick Riordan,"Riordan, Rick",,1423146727,9781423146728,5,4.52,Disney-Hyperion Books,Hardcover,608.0,2013.0,2013.0
13497,"A Feast for Crows (A Song of Ice and Fire, #4)",George R.R. Martin,"Martin, George R.R.",,055358202X,9780553582024,5,4.14,Bantam Books,Mass Market Paperback,1061.0,2011.0,2005.0
14699,The Elegant Universe,Brian Greene,"Greene, Brian",,009928992X,9780099289920,4,4.07,Vintage,Paperback,464.0,2000.0,1999.0
6969,Emma,Jane Austen,"Austen, Jane","David M. Shapard, Anna Luisa Zazo, Fiona Stafford",0141439580,9780141439587,5,4.02,Penguin Books,Paperback,474.0,2003.0,1815.0
34,"The Fellowship of the Ring (The Lord of the Rings, #1)",J.R.R. Tolkien,"Tolkien, J.R.R.","Francis Ledoux, Maria Skibniewska",0618346252,9780618346257,5,4.37,Houghton Mifflin Harcourt,Paperback,398.0,2003.0,1954.0
818560,A Brief History Of Time: From the Big Bang To Black Holes,Stephen Hawking,"Hawking, Stephen",Carl Sagan,0553175211,9780553175219,5,4.19,Bantam,Paperback,220.0,1998.0,1988.0
55030,Cosmos,Carl Sagan,"Sagan, Carl",,0375508325,9780375508325,5,4.37,Random House,Mass Market Paperback,365.0,2002.0,1980.0
22299763,"Crooked Kingdom (Six of Crows, #2)",Leigh Bardugo,"Bardugo, Leigh",,,,5,4.59,Orion Children's Books,Kindle Edition,561.0,2016.0,2016.0
40277241,Brief Answers to the Big Questions,Stephen Hawking,"Hawking, Stephen",,1984819194,9781984819192,4,4.3,Bantam,Hardcover,256.0,2018.0,2018.0
1582996,"City of Ashes (The Mortal Instruments, #2)",Cassandra Clare,"Clare, Cassandra",,1416914293,9781416914297,4,4.13,Margaret K. McElderry Books,Hardcover,453.0,2008.0,2008.0
10664113,"A Dance with Dragons (A Song of Ice and Fire, #5)",George R.R. Martin,"Martin, George R.R.",,,,5,4.31,Bantam,Kindle Edition,1125.0,2011.0,2011.0
18705209,"The Blood of Olympus (The Heroes of Olympus, #5)",Rick Riordan,"Riordan, Rick",,1484724917,9781423146735,5,4.4,Disney-Hyperion Books,Hardcover,528.0,2014.0,2014.0
24213,Alice's Adventures in Wonderland / Through the Looking-Glass,Lewis Carroll,"Carroll, Lewis","John Tenniel, Martin Gardner",0451527747,9780451527745,5,4.06,Penguin Group (USA),Paperback,239.0,2000.0,1871.0
130346,Wuthering Heights by Emily Brontë,Hilda D. Spear,"Spear, Hilda D.",,0333372867,9780333372869,4,4.13,MacMillan,Paperback,96.0,,
10572,"A Clash of Kings  (A Song of Ice and Fire, #2)",George R.R. Martin,"Martin, George R.R.",,0553381695,9780553381696,5,4.4,Bantam,Paperback,969.0,2002.0,1998.0
28006109,"The Tyrant’s Tomb (The Trials of Apollo, #4)",Rick Riordan,"Riordan, Rick",,1368001440,9781368001441,5,4.33,Disney-Hyperion,ebook,439.0,2019.0,2019.0
7541858,"City of Bones (The Mortal Instruments, #1)",Cassandra Clare,"Clare, Cassandra",,,,4,4.08,Margaret K. McElderry Books,Kindle Edition,485.0,2009.0,2007.0
45032,Mansfield Park,Jane Austen,"Austen, Jane",Kathryn Sutherland,0141439807,9780141439808,5,3.86,Penguin Books,Paperback,488.0,2003.0,1814.0
2623,Great Expectations,Charles Dickens,"Dickens, Charles","Charles Green, Mark Oxford, Sam Ngo, F.W. Pailthorpe",0192833596,9780192833594,5,3.78,Oxford University Press,Paperback,544.0,1998.0,1860.0
11133581,"A Storm of Swords (A Song of Ice and Fire, #3)",George R.R. Martin,"Martin, George R.R.",,,,5,4.53,Voyager,Kindle Edition,1218.0,2011.0,2000.0
28187,"The Lightning Thief (Percy Jackson and the Olympians, #1)",Rick Riordan,"Riordan, Rick",,,,5,4.27,Disney Hyperion Books,Paperback,377.0,2006.0,2005.0
6324090,"Alice's Adventures in Wonderland (Alice's Adventures in Wonderland, #1)",Lewis Carroll,"Carroll, Lewis","Antoni Marianowicz, Παυλίνα Παμπούδη",,,5,3.98,Public Domain Books,Kindle Edition,96.0,1997.0,1865.0
1,"Harry Potter and the Half-Blood Prince (Harry Potter, #6)",J.K. Rowling,"Rowling, J.K.",,,,5,4.57,Scholastic Inc.,Paperback,652.0,2006.0,2005.0
2,"Harry Potter and the Order of the Phoenix (Harry Potter, #5)",J.K. Rowling,"Rowling, J.K.",Mary GrandPré,,,5,4.5,Scholastic Inc.,Paperback,870.0,2004.0,2003.0
6,"Harry Potter and the Goblet of Fire (Harry Potter, #4)",J.K. Rowling,"Rowling, J.K.",Mary GrandPré,,,5,4.56,Scholastic,Paperback,734.0,2002.0,2000.0
136251,"Harry Potter and the Deathly Hallows (Harry Potter, #7)",J.K. Rowling,"Rowling, J.K.",,,,5,4.61,Arthur A. Levine Books,Hardcover,759.0,2007.0,2007.0
5,"Harry Potter and the Prisoner of Azkaban (Harry Potter, #3)",J.K. Rowling,"Rowling, J.K.",Mary GrandPré,043965548X,9780439655484,5,4.57,Scholastic Inc.,Mass Market Paperback,435.0,2004.0,1999.0
102868,"A Study in Scarlet (Sherlock Holmes, #1)",Arthur Conan Doyle,"Doyle, Arthur Conan",,1420925539,9781420925531,5,4.14,Digireads.com,Paperback,123.0,2005.0,1887.0
3,"Harry Potter and the Sorcerer's Stone (Harry Potter, #1)",J.K. Rowling,"Rowling, J.K.",,,,5,4.47,Scholastic Inc,Hardcover,309.0,2003.0,1997.0
2120932,"The Battle of the Labyrinth (Percy Jackson and the Olympians, #4)",Rick Riordan,"Riordan, Rick",,,,5,4.39,Hyperion Books for Children,Hardcover,361.0,2008.0,2008.0
15881,"Harry Potter and the Chamber of Secrets (Harry Potter, #2)",J.K. Rowling,"Rowling, J.K.","Mary GrandPré, ویدا اسلامیه",,,5,4.43,Arthur A. Levine Books,Hardcover,341.0,1999.0,1998.0
1885,Pride and Prejudice,Jane Austen,"Austen, Jane",Anna Quindlen,,,5,4.27,Modern Library,Paperback,279.0,2000.0,1813.0
26047438,"Fire Falling (Air Awakens, #2)",Elise Kova,"Kova, Elise",,1619849526,9781619849525,3,4.17,Silver Wing Press,Paperback,378.0,2015.0,2015.0
29467232,"The Blood Mirror (Lightbringer, #4)",Brent Weeks,"Weeks, Brent",,031625133X,9780316251334,4,4.34,Orbit,Hardcover,704.0,2016.0,2015.0
755125,"In Search of the Edge of Time: Black Holes, White Holes, Wormholes",John Gribbin,"Gribbin, John",,0140248145,9780140248142,0,3.93,Penguin Books,Paperback,288.0,1999.0,1992.0
1920128,The Birth of Time: How Astronomers Measure the Age of the Universe,John Gribbin,"Gribbin, John",,0300083467,9780300083460,0,3.88,Yale University Press,Hardcover,237.0,2000.0,1999.0
28943755,Einstein's Masterwork: 1915 and the General Theory of Relativity,John Gribbin,"Gribbin, John",,1681772124,9781681772127,0,4.02,Pegasus Books,Hardcover,240.0,2016.0,2015.0
479476,In Search of the Big Bang,John Gribbin,"Gribbin, John",,0552131466,9780552131469,0,3.96,Corgi,Paperback,432.0,1987.0,1986.0
26196560,13.8: The Quest to Find the True Age of the Universe and the Theory of Everything,John Gribbin,"Gribbin, John",,0300218273,9780300218275,0,4.07,Yale University Press,Hardcover,256.0,2016.0,2015.0
31311948,The Time Illusion (Kindle Single),John Gribbin,"Gribbin, John",,,,0,4.08,,Kindle Edition,35.0,2016.0,
40941,The Scientists: A History of Science Told Through the Lives of Its Greatest Inventors,John Gribbin,"Gribbin, John",,0812967887,9780812967883,0,4.09,Random House Trade Paperbacks,Paperback,672.0,2004.0,2002.0
587906,Deep Simplicity: Bringing Order to Chaos and Complexity,John Gribbin,"Gribbin, John",,140006256X,9781400062560,0,3.94,Random House,Hardcover,279.0,2005.0,2004.0
6881432,In Search of the Multiverse,John Gribbin,"Gribbin, John",,1846141133,9781846141133,0,4.09,Allen Lane,Hardcover,250.0,2009.0,2009.0
29966062,"Crystal Crowned (Air Awakens, #5)",Elise Kova,"Kova, Elise",,,,0,4.14,Silver Wing Press,Kindle Edition,400.0,2016.0,2016.0
29483403,"Water's Wrath (Air Awakens, #4)",Elise Kova,"Kova, Elise",,1619844257,9781619844254,0,4.11,Silver Wing Press,Paperback,378.0,2016.0,2016.0
26760091,"Earth's End (Air Awakens, #3)",Elise Kova,"Kova, Elise",,1619844222,9781619844223,0,4.14,Silver Wing Press,Hardcover,350.0,2016.0,2016.0
282459,Subtle Is the Lord: The Science and the Life of Albert Einstein,Abraham Pais,"Pais, Abraham",Roger Penrose,0192806726,9780192806727,5,4.31,OUP UK,Paperback,576.0,2005.0,1982.0
3754016,"Shadow's Edge (Night Angel, #2)",Brent Weeks,"Weeks, Brent",,0316033650,9780316033657,0,4.23,Orbit,Mass Market Paperback,636.0,2008.0,2008.0
3754026,"Beyond the Shadows (Night Angel, #3)",Brent Weeks,"Weeks, Brent",,0316033669,9780316033664,0,4.24,Orbit,Mass Market Paperback,689.0,2008.0,2008.0
3227063,"The Way of Shadows (Night Angel, #1)",Brent Weeks,"Weeks, Brent",,0316033677,9780316033671,0,4.13,Orbit,Mass Market Paperback,645.0,2008.0,2008.0
40516976,"Aurora's End (The Aurora Cycle, #3)",Amie Kaufman,"Kaufman, Amie",Jay Kristoff,1524720887,9781524720889,0,4.38,Knopf Books For Young Readers,Hardcover,512.0,2021.0,2021.0
40516960,"Aurora Burning (The Aurora Cycle, #2)",Amie Kaufman,"Kaufman, Amie",Jay Kristoff,1524720925,9781524720926,0,4.32,Knopf Books For Young Readers,Hardcover,495.0,2020.0,2020.0
30075662,"Aurora Rising (The Aurora Cycle, #1)",Amie Kaufman,"Kaufman, Amie",Jay Kristoff,1524720968,9781524720964,5,4.13,Knopf Books for Young Readers,Hardcover,473.0,2019.0,2019.0
84369,"The Last Battle (Chronicles of Narnia, #7)",C.S. Lewis,"Lewis, C.S.",,0007202326,9780007202324,0,4.0,HarperCollins Publishers,Paperback,288.0,2005.0,1956.0
65605,"The Magician's Nephew (Chronicles of Narnia, #6)",C.S. Lewis,"Lewis, C.S.",,0060764902,9780060764906,4,4.04,HarperCollins Publishers,Paperback,221.0,2005.0,1955.0
84119,"The Horse and His Boy (Chronicles of Narnia, #5)",C.S. Lewis,"Lewis, C.S.",,0439861365,9780439861366,0,3.91,Scholastic Inc,Paperback,224.0,1995.0,1954.0
65641,"The Silver Chair (Chronicles of Narnia, #4)",C.S. Lewis,"Lewis, C.S.",Pauline Baynes,,,0,3.95,HarperCollins,Paperback,243.0,2008.0,1953.0
140225,"The Voyage of the Dawn Treader (Chronicles of Narnia, #3)",C.S. Lewis,"Lewis, C.S.",Pauline Baynes,006112527X,9780061125270,0,4.08,HarperCollins,Hardcover,248.0,2006.0,1952.0
121749,"Prince Caspian (Chronicles of Narnia, #2)",C.S. Lewis,"Lewis, C.S.",,000720230X,9780007202300,0,3.97,HarperCollins Publishers,Hardcover,240.0,2005.0,1951.0
100915,"The Lion, the Witch and the Wardrobe (Chronicles of Narnia, #1)",C.S. Lewis,"Lewis, C.S.",,,,0,4.22,HarperCollins Publishers,Paperback,206.0,2005.0,1950.0
27188596,"War Storm (Red Queen, #4)",Victoria Aveyard,"Aveyard, Victoria",,0062422995,9780062422996,0,3.87,HarperTeen,Hardcover,662.0,2018.0,2018.0
30226723,"King's Cage (Red Queen, #3)",Victoria Aveyard,"Aveyard, Victoria",,0062310712,9780062310712,0,3.96,HarperTeen,ebook,528.0,2017.0,2017.0
23174274,"Glass Sword (Red Queen, #2)",Victoria Aveyard,"Aveyard, Victoria",,0062310666,9780062310668,4,3.85,HarperTeen,Hardcover,444.0,2016.0,2016.0
22328546,"Red Queen (Red Queen, #1)",Victoria Aveyard,"Aveyard, Victoria",,0062310631,9780062310637,5,4.03,HarperTeen,Hardcover,383.0,2015.0,2015.0
12652457,"The Broken Eye (Lightbringer, #3)",Brent Weeks,"Weeks, Brent",,,,4,4.46,Orbit,Kindle Edition,846.0,2014.0,2014.0
12499290,"The Blinding Knife (Lightbringer, #2)",Brent Weeks,"Weeks, Brent",,031607991X,9780316079914,5,4.38,Orbit,Hardcover,671.0,2012.0,2012.0
7165300,"The Black Prism (Lightbringer, #1)",Brent Weeks,"Weeks, Brent",,0316075558,9780316075558,5,4.21,Orbit,Hardcover,629.0,2010.0,2010.0
20753341,"The Last Mortal Bond (Chronicle of the Unhewn Throne, #3)",Brian Staveley,"Staveley, Brian",,,,0,4.06,Tor Books,Kindle Edition,897.0,2016.0,2016.0
22055280,"The Providence of Fire (Chronicle of the Unhewn Throne, #2)",Brian Staveley,"Staveley, Brian",,0765336413,9780765336415,0,4.13,Tor Books,Hardcover,608.0,2015.0,2015.0
17910124,"The Emperor's Blades (Chronicle of the Unhewn Throne, #1)",Brian Staveley,"Staveley, Brian",,0765336405,9780765336408,0,4.05,Tor Books,Hardcover,480.0,2014.0,2014.0
32726691,Storm in a Teacup: The Physics of Everyday Life,Helen Czerski,"Czerski, Helen",,,,4,4.02,Transworld Digital,Kindle Edition,282.0,2016.0,2017.0
23127048,"Air Awakens (Air Awakens, #1)",Elise Kova,"Kova, Elise",,1932549935,9781932549935,4,4.01,Silver Wing Press,Paperback,342.0,2015.0,2015.0
1888,Pride and Prejudice,Jane Austen,"Austen, Jane",,0192802380,9780192802385,5,4.27,Oxford University Press,Paperback,333.0,2004.0,1813.0
36307634,"King of Scars (King of Scars, #1)",Leigh Bardugo,"Bardugo, Leigh",,,,5,4.19,Imprint,Kindle Edition,527.0,2019.0,2019.0
13612965,"The Bronze Key (Magisterium,  #3)",Holly Black,"Black, Holly",Cassandra Clare,0545522315,9780545522311,5,4.1,Scholastic,Hardcover,249.0,2016.0,2016.0
1166599,"The Gathering Storm (The Wheel of Time, #12)",Robert Jordan,"Jordan, Robert",Brandon Sanderson,0765302306,9780765302304,5,4.36,Tor Books,Hardcover,783.0,2009.0,2009.0
18635016,"The One (The Selection, #3)",Kiera Cass,"Cass, Kiera",,0062059998,9780062059994,4,4.18,HarperTeen,Hardcover,323.0,2014.0,2014.0
15839976,Red Rising (Red Rising Saga #1),Pierce Brown,"Brown, Pierce",,0345539788,9780345539786,5,4.23,Del Rey,Hardcover,382.0,2014.0,2014.0
1268479,"Warbreaker (Warbreaker, #1)",Brandon Sanderson,"Sanderson, Brandon",,,,5,4.27,Self-published,ebook,688.0,2009.0,2009.0
17332218,"Words of Radiance (The Stormlight Archive, #2)",Brandon Sanderson,"Sanderson, Brandon",,0765326361,9780765326362,5,4.73,Tor Books,Hardcover,1087.0,2014.0,2014.0
29579,"Foundation (Foundation, #1)",Isaac Asimov,"Asimov, Isaac",,0553803719,9780553803716,5,4.17,Bantam,Hardcover,244.0,2004.0,1951.0
7235533,"The Way of Kings (The Stormlight Archive, #1)",Brandon Sanderson,"Sanderson, Brandon",,0765326353,9780765326355,5,4.6,Tor Books,Hardcover,1007.0,2010.0,2010.0
49381341,"Peace Talks (The Dresden Files, #16)",Jim Butcher,"Butcher, Jim",,0451464419,9780451464415,0,4.21,Ace,Hardcover,340.0,2020.0,2020.0
19486421,"Skin Game (The Dresden Files, #15)",Jim Butcher,"Butcher, Jim",,0451464397,9780451464392,0,4.56,Roc,Hardcover,454.0,2014.0,2014.0
12216302,"Cold Days (The Dresden Files, #14)",Jim Butcher,"Butcher, Jim",,0451464400,9780451464408,0,4.45,Penguin Group (USA),Hardcover,515.0,2012.0,2012.0
6585201,"Changes (The Dresden Files, #12)",Jim Butcher,"Butcher, Jim",,045146317X,9780451463173,0,4.49,Roc,Hardcover,438.0,2010.0,2010.0
3475161,"Turn Coat (The Dresden Files, #11)",Jim Butcher,"Butcher, Jim",,0451462564,9780451462565,0,4.4,Roc,Hardcover,418.0,2009.0,2009.0
927979,"Small Favor (The Dresden Files, #10)",Jim Butcher,"Butcher, Jim",,0451461894,9780451461896,0,4.44,Roc,Hardcover,420.0,2008.0,2008.0
91475,"White Night (The Dresden Files, #9)",Jim Butcher,"Butcher, Jim",,0451461401,9780451461407,0,4.36,Roc,Hardcover,407.0,2007.0,2007.0
91474,"Proven Guilty (The Dresden Files, #8)",Jim Butcher,"Butcher, Jim",,0451461037,9780451461032,0,4.37,Roc,Paperback,551.0,2007.0,2006.0
17683,"Dead Beat (The Dresden Files, #7)",Jim Butcher,"Butcher, Jim",,045146091X,9780451460912,0,4.38,Roc,Mass Market Paperback,517.0,2006.0,2005.0
99383,"Blood Rites (The Dresden Files, #6)",Jim Butcher,"Butcher, Jim",,0451459873,9780451459879,0,4.27,Roc,Paperback,435.0,2004.0,2004.0
91479,"Death Masks (The Dresden Files, #5)",Jim Butcher,"Butcher, Jim",,0451459407,9780451459404,0,4.27,Roc,Mass Market Paperback,432.0,2003.0,2003.0
91476,"Grave Peril (The Dresden Files, #3)",Jim Butcher,"Butcher, Jim",,0451458443,9780451458445,5,4.13,Roc,Paperback,378.0,2001.0,2001.0
40603587,"The Last Wish (The Witcher, #0.5)",Andrzej Sapkowski,"Sapkowski, Andrzej",Danusia Stok,,,5,4.12,Orbit,Kindle Edition,280.0,2008.0,1993.0
14781491,"The Time of Contempt (The Witcher, #2)",Andrzej Sapkowski,"Sapkowski, Andrzej",David French,0316219134,9780316219136,5,4.18,Orbit,Paperback,331.0,2013.0,1995.0
17157681,"The Hobbit, Part One",J.R.R. Tolkien,"Tolkien, J.R.R.",David Wyatt,,9780007926664,5,4.3,HarperCollins Children's Books,Paperback,230.0,2012.0,1937.0
41804,"I, Robot (Robot, #0.1)",Isaac Asimov,"Asimov, Isaac",,0553803700,9780553803709,4,4.21,Bantam Books,Hardcover,224.0,2004.0,1950.0
5326,A Christmas Carol,Charles Dickens,"Dickens, Charles","Richard Doyle, Daniel Maclise, John Leech, Tom Thomas, Joe L. Wheeler, Daniel Müller, Narinder Dhami, Alex Marry, Britta Mümmler, Mathew Hawkings, David Clan, George Alfred Williams",1561797464,9781561797462,4,4.06,Bethany House Publishers ,Paperback,104.0,1999.0,1843.0
2493,The Time Machine,H.G. Wells,"Wells, H.G.","Greg Bear, Carlo Pagetti",,,4,3.9,Signet Classics,Paperback,118.0,2002.0,1895.0
14935,Sense and Sensibility,Jane Austen,"Austen, Jane","Tony Tanner, Juliet Stevenson, Sam Ngo, Sara Singh, Rosalind Ballaster, Ros Ballaster",,,5,4.08,Penguin Books,Paperback,409.0,2003.0,1811.0
1934,Little Women,Louisa May Alcott,"Alcott, Louisa May",,0451529308,9780451529305,5,4.11,Signet Classics,Paperback,449.0,2004.0,1869.0
170448,Animal Farm,George Orwell,"Orwell, George","Russell Baker, C.M. Woodhouse",0451526341,9780451526342,5,3.97,Signet Classics,Mass Market Paperback,141.0,1996.0,1945.0
8492907,Physics of the Future: How Science Will Shape Human Destiny and Our Daily Lives by the Year 2100,Michio Kaku,"Kaku, Michio",,0385530803,9780385530804,5,4.0,Doubleday,Hardcover,416.0,2011.0,2011.0
2094,A Briefer History of Time,Stephen Hawking,"Hawking, Stephen",Leonard Mlodinow,0553804367,9780553804362,4,4.23,Bantam,Hardcover,176.0,2005.0,1988.0
2095,The Universe in a Nutshell,Stephen Hawking,"Hawking, Stephen",,055380202X,9780553802023,4,4.17,Bantam,Hardcover,216.0,2001.0,2001.0
33418,"Parallel Worlds: A Journey through Creation, Higher Dimensions, and the Future of the Cosmos",Michio Kaku,"Kaku, Michio",,1400033721,9781400033720,5,4.2,Anchor,Paperback,361.0,2006.0,2004.0
33426,"Hyperspace: A Scientific Odyssey Through Parallel Universes, Time Warps, and the Tenth Dimension",Michio Kaku,"Kaku, Michio",,0192861891,9780192861894,5,4.13,Oxford Univ Pr (T),Paperback,359.0,1995.0,1994.0
100006,Schrödinger's Kittens and the Search for Reality: Solving the Quantum Mysteries,John Gribbin,"Gribbin, John",Mark Evan Chimsky,0316328197,9780316328197,5,4.06,Back Bay Books,Paperback,272.0,1996.0,1984.0
215788,"The Search for Superstrings, Symmetry, and the Theory of Everything",John Gribbin,"Gribbin, John",,0316326143,9780316326148,4,3.86,Back Bay Books,Paperback,224.0,2000.0,1998.0
21,A Short History of Nearly Everything,Bill Bryson,"Bryson, Bill",,076790818X,9780767908184,4,4.18,Crown Publishing Group (NY),Paperback,544.0,2004.0,2003.0
1676740,The Beat of a Different Drum: The Life and Science of Richard Feynman,Jagdish Mehra,"Mehra, Jagdish",,0198539487,9780198539483,5,4.16,"Oxford University Press, USA",Hardcover,662.0,1994.0,1994.0
25734172,Seven Brief Lessons on Physics,Carlo Rovelli,"Rovelli, Carlo","Simon Carnell, Erica Segre",0399184414,9780399184413,4,3.96,Riverhead Books,Hardcover,81.0,2016.0,2014.0
32191710,Astrophysics for People in a Hurry,Neil deGrasse Tyson,"Tyson, Neil deGrasse",,0393609391,9780393609394,5,4.07,W. W. Norton  Company,Hardcover,208.0,2017.0,2017.0
14290364,"Champion (Legend, #3)",Marie Lu,"Lu, Marie",,0399256776,9780399256776,4,4.32,Putnam Juvenile,Hardcover,369.0,2013.0,2013.0
13206760,"Scarlet (The Lunar Chronicles, #2)",Marissa Meyer,"Meyer, Marissa",,0312642962,9780312642969,5,4.25,Feiwel & Friends,Hardcover,454.0,2013.0,2013.0
35425827,"Archenemies (Renegades, #2)",Marissa Meyer,"Meyer, Marissa",,1250311446,9781250311443,5,4.3,Feiwel & Friends,ebook,560.0,2018.0,2018.0
13414446,"Prodigy (Legend, #2)",Marie Lu,"Lu, Marie",,0399256768,9780399256769,5,4.24,Putnam Juvenile,Hardcover,371.0,2013.0,2013.0
14061957,"Ruin and Rising (The Shadow and Bone Trilogy, #3)",Leigh Bardugo,"Bardugo, Leigh",,,,5,4.04,Henry Holt and Company,Hardcover,422.0,2014.0,2014.0
52861201,"From Blood and Ash (Blood And Ash, #1)",Jennifer L. Armentrout,"Armentrout, Jennifer L.",,1952457009,9781952457005,0,4.3,Blue Box Press,Paperback,613.0,2020.0,2020.0
44054122,"Imagine Me (Shatter Me, #6)",Tahereh Mafi,"Mafi, Tahereh",,006267644X,9780062676443,0,3.8,HarperCollins,ebook,480.0,2020.0,2020.0
34992959,"Defy Me (Shatter Me, #5)",Tahereh Mafi,"Mafi, Tahereh",,0062676393,9780062676399,0,4.17,HarperTeen,Hardcover,357.0,2019.0,2019.0
34992929,"Restore Me (Shatter Me, #4)",Tahereh Mafi,"Mafi, Tahereh",,0062676369,9780062676368,0,4.15,HarperCollins,Hardcover,435.0,2018.0,2018.0
13188676,"Ignite Me (Shatter Me, #3)",Tahereh Mafi,"Mafi, Tahereh",,,,0,4.38,HarperCollins ,Kindle Edition,421.0,2014.0,2014.0
13623150,"Destroy Me (Shatter Me, #1.5)",Tahereh Mafi,"Mafi, Tahereh",,0062208195,9780062208194,0,4.17,Harper,ebook,111.0,2012.0,2012.0
13104080,"Unravel Me (Shatter Me, #2)",Tahereh Mafi,"Mafi, Tahereh",,0062085530,9780062085535,0,4.18,HarperCollins ,Hardcover,461.0,2013.0,2013.0
37642300,"Shatter Me (Shatter Me, #1)",Tahereh Mafi,"Mafi, Tahereh",,,,0,3.92,HarperCollins,Kindle Edition,357.0,2017.0,2011.0
9275658,"Legend (Legend, #1)",Marie Lu,"Lu, Marie",,,,4,4.16,Putnam Juvenile,Hardcover,305.0,2011.0,2011.0
28588345,"The Midnight Star (The Young Elites, #3)",Marie Lu,"Lu, Marie",,0399167854,9780399167850,0,4.12,G.P. Putnam's Sons Books for Young Readers,Hardcover,316.0,2016.0,2016.0
23846013,"The Rose Society (The Young Elites, #2)",Marie Lu,"Lu, Marie",,0399167846,9780399167843,0,4.05,G.P. Putnam's Sons Books for Young Readers,Hardcover,398.0,2015.0,2015.0
42771754,"Supernova (Renegades, #3)",Marissa Meyer,"Meyer, Marissa",,1250078385,9781250078384,4,4.42,Feiwel & Friends,Hardcover,552.0,2019.0,2019.0
28421168,"Renegades (Renegades, #1)",Marissa Meyer,"Meyer, Marissa",,1250044669,9781250044662,4,4.14,Feiwel & Friends,Hardcover,556.0,2017.0,2017.0
9361589,The Night Circus,Erin Morgenstern,"Morgenstern, Erin",,0385534635,9780385534635,4,4.03,Doubleday,Hardcover,387.0,2011.0,2011.0
13206900,"Winter (The Lunar Chronicles, #4)",Marissa Meyer,"Meyer, Marissa",,0312642989,9780312642983,5,4.41,Feiwel & Friends,Hardcover,827.0,2015.0,2015.0
48829708,To Sleep in a Sea of Stars,Christopher Paolini,"Paolini, Christopher",,1250762847,9781250762849,0,3.79,Tor Books,Hardcover,878.0,2020.0,2020.0
13206828,"Cress (The Lunar Chronicles, #3)",Marissa Meyer,"Meyer, Marissa",,0312642970,9780312642976,5,4.4,Feiwel & Friends,Hardcover,552.0,2014.0,2014.0
36381037,"Cinder (The Lunar Chronicles, #1)",Marissa Meyer,"Meyer, Marissa",,,,5,4.13,Feiwel & Friends,Hardcover,400.0,2012.0,2012.0
8447255,"The Crippled God (Malazan Book of the Fallen, #10)",Steven Erikson,"Erikson, Steven",,0593046358,9780593046357,0,4.49,Bantam Press,Hardcover,921.0,2011.0,2011.0
4703427,"Dust of Dreams (Malazan Book of the Fallen, #9)",Steven Erikson,"Erikson, Steven",,0765316552,9780765316554,0,4.31,Tom Doherty Associates,Mass Market Paperback,1280.0,2009.0,2009.0
938544,"Toll the Hounds (Malazan Book of the Fallen, #8)",Steven Erikson,"Erikson, Steven",,0765310082,9780765310088,0,4.36,Tor Books,Hardcover,1008.0,2008.0,2008.0
459064,"Reaper's Gale (Malazan Book of the Fallen, #7)",Steven Erikson,"Erikson, Steven",,0593046315,9780593046319,0,4.38,Bantam Press,Hardcover,928.0,2007.0,2007.0
478951,"The Bonehunters (Malazan Book of the Fallen, #6)",Steven Erikson,"Erikson, Steven",,0553813153,9780553813159,0,4.46,Bantam,Mass Market Paperback,1203.0,2007.0,2006.0
345299,"Midnight Tides (Malazan Book of the Fallen, #5)",Steven Erikson,"Erikson, Steven",,0553813145,9780553813142,0,4.39,Bantam,Paperback,960.0,2005.0,2004.0
55398,"House of Chains (Malazan Book of the Fallen, #4)",Steven Erikson,"Erikson, Steven",,0765348810,9780765348814,0,4.34,Tor Fantasy,Mass Market Paperback,1015.0,2007.0,2002.0
175983,"Memories of Ice (Malazan Book of the Fallen, #3)",Steven Erikson,"Erikson, Steven",,0765348802,9780765348807,0,4.43,Tor Fantasy,Mass Market Paperback,925.0,2006.0,2001.0
55401,"Deadhouse Gates (Malazan Book of the Fallen, #2)",Steven Erikson,"Erikson, Steven",,0765310023,9780765310026,0,4.21,Tor Books,Hardcover,604.0,2005.0,2000.0
56663640,"Breach of Peace (Lawful Times, #1)",Daniel B. Greene,"Greene, Daniel B.",,,9780578840789,0,3.63,,ebook,98.0,2021.0,2021.0
36307674,"Rule of Wolves (King of Scars, #2)",Leigh Bardugo,"Bardugo, Leigh",,1510109188,9781510109186,4,4.41,Orion Children's Books,Paperback,592.0,2021.0,2021.0
39943621,"Fire & Blood (A Targaryen History, #1)",George R.R. Martin,"Martin, George R.R.",Doug Wheatley,152479628X,9781524796280,0,3.89,Bantam,Hardcover,719.0,2018.0,2018.0
16053513,The Hobbit,J.R.R. Tolkien,"Tolkien, J.R.R.",,,,5,4.28, Houghton Mifflin Harcourt,Kindle Edition with Audio/Video,322.0,2012.0,1937.0
91478,"Summer Knight (The Dresden Files, #4)",Jim Butcher,"Butcher, Jim",,0451458923,9780451458926,5,4.25,Roc,Mass Market Paperback,446.0,2002.0,2002.0
28698036,"Secret History (Mistborn, #3.5)",Brandon Sanderson,"Sanderson, Brandon",,,,0,4.37,"Dragonsteel Entertainment, LLC",Kindle Edition,160.0,2016.0,2016.0
43263680,"Ninth House (Alex Stern, #1)",Leigh Bardugo,"Bardugo, Leigh",,1250313074,9781250313072,0,4.04,Flatiron Books,Hardcover,459.0,2019.0,2019.0
944076,"Last Argument of Kings (The First Law, #3)",Joe Abercrombie,"Abercrombie, Joe",,0575077905,9780575077904,0,4.28,Gollancz,Trade Paperback,536.0,2008.0,2008.0
944073,"The Blade Itself (The First Law, #1)",Joe Abercrombie,"Abercrombie, Joe",,0575079797,9780575079793,0,4.17,Gollancz,Paperback,515.0,2007.0,2006.0
902715,"Before They Are Hanged (The First Law, #2)",Joe Abercrombie,"Abercrombie, Joe",,0575077883,9780575077881,0,4.29,Gollancz,Trade Paperback,441.0,2007.0,2007.0
44778083,"House of Earth and Blood (Crescent City, #1)",Sarah J. Maas,"Maas, Sarah J.",,1635574048,9781635574043,0,4.44,Bloomsbury Publishing,Hardcover,803.0,2020.0,2020.0
833424,Reaper Man (Discworld #11),Terry Pratchett,"Pratchett, Terry",,0552134643,9780552134644,4,4.24,Corgi Books,Paperback,287.0,1992.0,1991.0
14061955,"Siege and Storm (The Shadow and Bone Trilogy, #2)",Leigh Bardugo,"Bardugo, Leigh",,,,5,3.88,Henry Holt and Company,Hardcover,435.0,2013.0,2013.0
10194157,"Shadow and Bone (The Shadow and Bone Trilogy, #1)",Leigh Bardugo,"Bardugo, Leigh",,,,4,3.97,Henry Holt & Company,Hardcover,358.0,2012.0,2012.0
36013042,Percy Jackson and the Singer of Apollo,Rick Riordan,"Riordan, Rick",,,,0,4.06,Disney Hyperion,Kindle Edition,32.0,2017.0,2013.0
26031279,Demigods & Magicians: Percy and Annabeth Meet the Kanes,Rick Riordan,"Riordan, Rick",Antonio Caparo,1484732782,9781484732786,0,4.33,Disney-Hyperion,Hardcover,224.0,2016.0,2016.0
18752963,The Crown of Ptolemy (Percy Jackson & Kane Chronicles Crossover #3),Rick Riordan,"Riordan, Rick",,148470987X,9781484709870,0,4.37,Disney-Hyperion,ebook,63.0,2015.0,2015.0
18752959,The Staff of Serapis (Percy Jackson & Kane Chronicles Crossover #2),Rick Riordan,"Riordan, Rick",,1484721349,9781484721346,0,4.3,Disney-Hyperion,ebook,60.0,2014.0,2014.0
17312201,"The Son of Sobek (Percy Jackson & Kane Chronicles Crossover, #1)",Rick Riordan,"Riordan, Rick",,,,0,4.26,Disney-Hyperion,ebook,40.0,2013.0,2012.0
12893742,"The Serpent's Shadow (The Kane Chronicles, #3)",Rick Riordan,"Riordan, Rick",,1423140575,9781423140573,0,4.27,Hyperion Books,Hardcover,406.0,2012.0,2012.0
9520360,"The Son of Neptune (The Heroes of Olympus, #2)",Rick Riordan,"Riordan, Rick",,1423140591,9781423140597,0,4.41,Disney-Hyperion Books,Hardcover,544.0,2011.0,2011.0
35068705,"The Poppy War (The Poppy War, #1)",R.F. Kuang,"Kuang, R.F.",,0062662597,9780062662590,4,4.07,Harper Voyager,ebook,531.0,2018.0,2018.0
45857086,"The Burning God (The Poppy War, #3)",R.F. Kuang,"Kuang, R.F.",,0008339147,9780008339142,0,4.32,Harper Voyager,Hardcover,640.0,2020.0,2020.0
41118857,"The Dragon Republic (The Poppy War, #2)",R.F. Kuang,"Kuang, R.F.",,,,0,4.37,Harper Voyager,Hardcover,658.0,2019.0,2019.0
55927316,"The Drowning Faith (The Poppy War, #2.5)",R.F. Kuang,"Kuang, R.F.",,,,0,4.5,,ebook,15.0,2020.0,2020.0
119322,"The Golden Compass (His Dark Materials, #1)",Philip Pullman,"Pullman, Philip",,0679879242,9780679879244,0,4.0,Alfred A. Knopf Books for Young Readers,Hardcover,399.0,1996.0,1995.0
22435,"The Fabric of the Cosmos: Space, Time, and the Texture of Reality",Brian Greene,"Greene, Brian",,0965900584,9780965900584,0,4.09,Alfred Knopf,Paperback,569.0,2004.0,2003.0
6969361,2 States: The Story of My Marriage,Chetan Bhagat,"Bhagat, Chetan",,8129115301,9788129115300,2,3.43,Rupa & Co,Paperback,269.0,2009.0,2009.0
105576,Five Point Someone: What Not to Do at IIT,Chetan Bhagat,"Bhagat, Chetan",,8129104598,9788129104595,4,3.43,Rupa Publications,Paperback,267.0,2011.0,2004.0
22874559,Half Girlfriend,Chetan Bhagat,"Bhagat, Chetan",,8129135728,9788129135728,3,3.13,Rupa Publications India,Paperback,260.0,2014.0,2014.0
18243700,"The Assassin's Blade (Throne of Glass, #0.1-0.5)",Sarah J. Maas,"Maas, Sarah J.",,1408852594,9781408852590,4,4.33,Bloomsbury Childrens,ebook,448.0,2014.0,2014.0
33208140,तितली,जयशंकर प्रसाद,"प्रसाद, जयशंकर",Jaishankar Prasad,,,4,3.95,Public Domain Books,Kindle Edition,300.0,,1985.0
4808763,The Last Question,Isaac Asimov,"Asimov, Isaac","Bob E. Flick, Jim Gallant",1884214495,9781884214493,5,4.57,Ziggurat Productions,Audio CD,9.0,2007.0,1956.0
76688,"Robots and Empire (Robot, #4)",Isaac Asimov,"Asimov, Isaac",,0586062009,9780586062005,5,4.19,Voyager,Paperback,512.0,1996.0,1985.0
41810,"The Robots of Dawn (Robot, #3)",Isaac Asimov,"Asimov, Isaac",,0553299492,9780553299496,4,4.17,Spectra,Paperback,435.0,1994.0,1983.0
30016,"The Naked Sun (Robot, #2)",Isaac Asimov,"Asimov, Isaac",Chris     Moore,,,5,4.16,HarperCollins Publishers,Mass Market Paperback,208.0,1996.0,1958.0
41811,The Caves of Steel (Robot #1),Isaac Asimov,"Asimov, Isaac",,,,5,4.18,Voyager,Mass Market Paperback,206.0,1997.0,1953.0
76679,Forward the Foundation (Foundation: Prequel #2),Isaac Asimov,"Asimov, Isaac",,0553565079,9780553565072,4,4.15,Bantam/Spectra,Paperback,464.0,1994.0,1993.0
30013,Prelude to Foundation,Isaac Asimov,"Asimov, Isaac",,,,5,4.13,Voyager,Paperback,464.0,1994.0,1988.0
29582,Foundation and Earth (Foundation #5),Isaac Asimov,"Asimov, Isaac",,0553587579,9780553587579,4,4.06,Spectra,Paperback,500.0,2004.0,1986.0
76683,Foundation's Edge (Foundation #4),Isaac Asimov,"Asimov, Isaac",,0553293389,9780553293388,4,4.14,Bantam/Spectra,Paperback,450.0,2010.0,1982.0
29580,Second Foundation (Foundation #3),Isaac Asimov,"Asimov, Isaac",,0553803735,9780553803730,5,4.25,Bantam Spectra,Hardcover,256.0,2004.0,1953.0
29581,Foundation and Empire (Foundation #2),Isaac Asimov,"Asimov, Isaac",,0553803727,9780553803723,5,4.21,Spectra Books,Hardcover,244.0,2004.0,1952.0
36045215,Jane Austen: Seven Novels,Jane Austen,"Austen, Jane",,,,5,4.57,OBG Classics,Kindle Edition,2398.0,2017.0,1813.0
36116851,The Merchant of Venice,William Shakespeare,"Shakespeare, William",,,,4,3.79,AmazonClassics,Kindle Edition,140.0,2017.0,1596.0
33220026,Prema (Hindi),Munshi Premchand,"Premchand, Munshi",,,,4,4.02,Public Domain Books,Kindle Edition,172.0,,2014.0
40736878,David Copperfield,Charles Dickens,"Dickens, Charles",,8175994282,9788175994287,0,4.01,Fingerprint Publishing,Paperback,924.0,2017.0,1849.0
433567,Flatland: A Romance of Many Dimensions,Edwin A. Abbott,"Abbott, Edwin A.","Banesh Hoffmann, Masolino D'Amico, Giorgio Manganelli",048627263X,9780486272634,0,3.81,"Dover Publications, Inc.",Paperback,96.0,1992.0,1884.0
11063358,Murder on the Orient Express,Agatha Christie,"Christie, Agatha",,,,0,4.18,HarperCollins,Kindle Edition,289.0,2010.0,1934.0
22823333,"The Eleventh Metal (Mistborn, #0.5)",Brandon Sanderson,"Sanderson, Brandon",,,,0,3.85,Crafty Games,ebook,21.0,2012.0,2012.0
386372,"Mort (Discworld, #4; Death, #1)",Terry Pratchett,"Pratchett, Terry",,0061020680,9780061020681,5,4.2,Harpertorch,Mass Market Paperback,243.0,2001.0,1987.0
26114421,"The Dark Talent (Alcatraz, #5)",Brandon Sanderson,"Sanderson, Brandon",,0765381400,9780765381408,5,4.1,Starscape,Hardcover,281.0,2016.0,2016.0
7740659,"Alcatraz Versus the Shattered Lens (Alcatraz, #4)",Brandon Sanderson,"Sanderson, Brandon",,0439925576,9780439925570,4,4.13,Scholastic Press,Hardcover,294.0,2010.0,2010.0
53439886,"How the King of Elfhame Learned to Hate Stories (The Folk of the Air, #3.5)",Holly Black,"Black, Holly",,,9780316540827,4,4.25,"Little, Brown Books for Young Readers",ebook,200.0,2020.0,2020.0
6366110,"Alcatraz Versus the Knights of Crystallia (Alcatraz, #3)",Brandon Sanderson,"Sanderson, Brandon",,043992555X,9780439925556,4,4.12,Scholastic Press,Hardcover,299.0,2009.0,2009.0
3485562,"Alcatraz Versus the Scrivener's Bones (Alcatraz, #2)",Brandon Sanderson,"Sanderson, Brandon",,0439925533,9780439925532,5,4.13,Scholastic Press,Hardcover,322.0,2008.0,2008.0
17250966,"Rhythm of War (The Stormlight Archive, #4)",Brandon Sanderson,"Sanderson, Brandon",,,,5,4.62,Tor Books,Kindle Edition,1270.0,2020.0,2020.0
623976,"Alcatraz Versus the Evil Librarians (Alcatraz, #1)",Brandon Sanderson,"Sanderson, Brandon",,0439925509,9780439925501,4,3.9,Scholastic Press,Hardcover,308.0,2007.0,2007.0
54511226,"Dawnshard (The Stormlight Archive, #3.5)",Brandon Sanderson,"Sanderson, Brandon",,,,5,4.54,Dragonsteel Entertainment,Kindle Edition,171.0,2020.0,2020.0
13612970,"The Golden Tower (Magisterium, #5)",Holly Black,"Black, Holly","Cassandra Clare, Scott Fischer",,9780545522427,4,4.03,Scholastic Inc.,ebook,256.0,2018.0,2018.0
13612968,The Silver Mask (Magisterium #4),Holly Black,"Black, Holly",Cassandra Clare,,9780545522397,4,4.07,Scholastic Press,ebook,200.0,2017.0,2017.0
13612962,"The Copper Gauntlet (Magisterium, #2)",Holly Black,"Black, Holly",Cassandra Clare,0545522285,9780545522281,5,4.13,Scholastic Press,Hardcover,264.0,2015.0,2015.0
20578940,"The Iron Trial (Magisterium, #1)",Holly Black,"Black, Holly","Cassandra Clare, Scott Fischer",0545522250,9780545522250,5,3.95,Scholastic Press,Hardcover,295.0,2014.0,2014.0
36111098,"The Light of All That Falls (The Licanius Trilogy, #3)",James Islington,"Islington, James",,,9780356507835,5,4.41,Orbit,ebook,864.0,2019.0,2019.0
22443261,"The Rithmatist (The Rithmatist, #1)",Brandon Sanderson,"Sanderson, Brandon",,,,5,4.2,Tor UK,Kindle Edition,353.0,2014.0,2013.0
32498052,"An Echo of Things to Come (The Licanius Trilogy, #2)",James Islington,"Islington, James",,0316274119,9780316274111,5,4.26,Orbit,Hardcover,752.0,2017.0,2017.0
22878967,"The Shadow of What Was Lost (The Licanius Trilogy, #1)",James Islington,"Islington, James",,099258020X,9780992580209,5,4.14,Aslaradis Publishing,Paperback,602.0,2014.0,2014.0
25300956,"Royal Assassin (Farseer Trilogy, #2)",Robin Hobb,"Hobb, Robin",,,,4,4.22,Spectra,Kindle Edition,675.0,2002.0,1996.0
18144590,The Alchemist,Paulo Coelho,"Coelho, Paulo","Alan R. Clarke, James Noel Smith",0062315005,9780062315007,4,3.89,HarperOne,Paperback,182.0,2014.0,1988.0
48717744,"The Tower of Nero (The Trials of Apollo, #5)",Rick Riordan,"Riordan, Rick",,1484746457,9781484746455,5,4.53,Disney-Hyperion,Hardcover,410.0,2020.0,2020.0
18966806,"Morning Star (Red Rising Saga, #3)",Pierce Brown,"Brown, Pierce",,0345539842,9780345539847,5,4.47,Del Rey,Hardcover,524.0,2016.0,2016.0
18966819,"Golden Son (Red Rising Saga, #2)",Pierce Brown,"Brown, Pierce",,0345539826,9780345539823,5,4.43,Del Rey,ebook,430.0,2015.0,2015.0
77197,"Assassin's Apprentice (Farseer Trilogy, #1)",Robin Hobb,"Hobb, Robin",,055357339X,9780553573398,5,4.16,Spectra Books,Mass Market Paperback,435.0,1996.0,1995.0
13642,"A Wizard of Earthsea (Earthsea Cycle, #1)",Ursula K. Le Guin,"Guin, Ursula K. Le",,0553383043,9780553383041,0,3.99,,Paperback,183.0,2004.0,1968.0
16248068,"The Elite (The Selection, #2)",Kiera Cass,"Cass, Kiera",,0062059963,9780062059963,3,3.99,HarperTeen,Hardcover,336.0,2013.0,2013.0
15820748,"The Prince (The Selection, #0.5)",Kiera Cass,"Cass, Kiera",,0062248162,9780062248169,5,3.92,HarperTeen,ebook,64.0,2013.0,2013.0
10507293,"The Selection (The Selection, #1)",Kiera Cass,"Cass, Kiera",,0062059939,9780062059932,4,4.11,HarperTeen,Hardcover,336.0,2012.0,2012.0
91477,"Fool Moon (The Dresden Files, #2)",Jim Butcher,"Butcher, Jim",,0451458125,9780451458124,4,3.99,Roc,Mass Market Paperback,401.0,2001.0,2001.0
23397921,Sixth of the Dusk,Brandon Sanderson,"Sanderson, Brandon",,,,4,4.24,"Dragonsteel Entertainment, LLC",Kindle Edition,59.0,2014.0,2014.0
40772063,"The Lost Sisters (The Folk of the Air, #1.5)",Holly Black,"Black, Holly",,,9780316310444,4,3.52,NOVL,ebook,50.0,2018.0,2018.0
187065,"New Spring (The Wheel of Time, #0)",Robert Jordan,"Jordan, Robert",,1841492612,9781841492612,4,4.03,Orbit,Paperback,423.0,2004.0,2004.0
47212,"Storm Front (The Dresden Files, #1)",Jim Butcher,"Butcher, Jim",,0451457811,9780451457813,5,3.98,Penguin ROC,Mass Market Paperback,355.0,2000.0,2000.0
21411388,Shadows for Silence in the Forests of Hell,Brandon Sanderson,"Sanderson, Brandon",,,,5,4.2,Tor Books,,50.0,2013.0,2013.0
37640636,"Lies of the Beholder (Legion, #3)",Brandon Sanderson,"Sanderson, Brandon",,159606885X,9781596068858,5,4.13,Subterranean Press,Hardcover,148.0,2018.0,2018.0
20886354,"Skin Deep (Legion, #2)",Brandon Sanderson,"Sanderson, Brandon",Jon Foster,,,5,4.13,Subterranean Press ,Leather Bound,208.0,2014.0,2014.0
13452375,"Legion (Legion, #1)",Brandon Sanderson,"Sanderson, Brandon",Deniz Evliyagil,1596064854,9781596064850,5,4.14,Subterranean Press,Hardcover,88.0,2012.0,2012.0
28862254,"White Sand, Volume 1 (White Sand, #1)",Brandon Sanderson,"Sanderson, Brandon","Rik Hoskin, Julius Gopez",1606908855,9781606908853,0,3.63,Dynamic Forces,Hardcover,160.0,2016.0,2016.0
30165203,"American Gods (American Gods, #1)",Neil Gaiman,"Gaiman, Neil",,,,0,4.1,William Morrow,Kindle Edition,635.0,2011.0,2001.0
18361393,"Redemption (Infinity Blade, #2)",Brandon Sanderson,"Sanderson, Brandon",,0983943028,9780983943020,5,3.87,ChAIR Entertainment Group,ebook,200.0,2013.0,2013.0
12796771,"Awakening (Infinity Blade, #1)",Brandon Sanderson,"Sanderson, Brandon",,,,4,3.84,ChAIR Entertainment Group,Kindle Edition,128.0,2011.0,2011.0
8868764,White Sand,Brandon Sanderson,"Sanderson, Brandon",,,,4,4.15,Brandon Sanderson,ebook,995.0,,
20168816,Rogues,George R.R. Martin,"Martin, George R.R.","Gardner Dozois, Joe Abercrombie, Gillian Flynn, Matthew Hughes, Joe R. Lansdale, Michael Swanwick, David  Ball, Carrie Vaughn, Scott Lynch, Bradley Denton, Cherie Priest, Daniel Abraham, Paul Cornell, Steven Saylor, Garth Nix, Walter Jon Williams, Phyllis Eisenstein, Lisa Tuttle, Neil Gaiman, Connie Willis, Patrick Rothfuss",0345537262,9780345537263,0,3.89,Bantam Books,Hardcover,806.0,2014.0,2014.0
68378,"Dragons of Spring Dawning (Dragonlance: Chronicles, #3)",Margaret Weis,"Weis, Margaret",Tracy Hickman,0786930705,9780786930708,0,4.09,Wizards of the Coast,Hardcover,352.0,2003.0,1985.0
259836,"Dragons of Autumn Twilight  (Dragonlance: Chronicles, #1)",Margaret Weis,"Weis, Margaret",Tracy Hickman,0786915749,9780786915743,0,3.99,Wizards of the Coast,Mass Market Paperback,444.0,2000.0,1984.0
23454,"Dragons of Winter Night (Dragonlance: Chronicles, #2)",Margaret Weis,"Weis, Margaret",Tracy Hickman,1932796789,9781932796780,0,4.09,Devil's Due Publishing,Paperback,358.0,2007.0,1985.0
8253920,"Towers of Midnight (The Wheel of Time, #13)",Robert Jordan,"Jordan, Robert",Brandon Sanderson,0765325942,9780765325945,5,4.42,Tom Doherty Associates TOR Fantasy,Hardcover,863.0,2010.0,2010.0
13888,"Knife of Dreams (The Wheel of Time, #11)",Robert Jordan,"Jordan, Robert",,0812577566,9780812577563,4,4.14,Tom Doherty Associates,Mass Market Paperback,860.0,2006.0,2005.0
113435,"Crossroads of Twilight (The Wheel of Time, #10)",Robert Jordan,"Jordan, Robert",,0312864590,9780312864590,4,3.8,Tor Books,Hardcover,704.0,2003.0,2003.0
13891,"Winter's Heart (The Wheel of Time, #9)",Robert Jordan,"Jordan, Robert",,081257558X,9780812575583,5,3.94,Tor Fantasy,Mass Market Paperback,780.0,2002.0,2000.0
140974,"The Path of Daggers (The Wheel of Time, #8)",Robert Jordan,"Jordan, Robert",,0812550293,9780812550290,4,3.91,Tor Books,Mass Market Paperback,685.0,1999.0,1998.0
13890,"A Crown of Swords (The Wheel of Time, #7)",Robert Jordan,"Jordan, Robert",,0812550285,9780812550283,5,4.04,Tor Books,Mass Market Paperback,880.0,1997.0,1996.0
35231,"Lord of Chaos (The Wheel of Time, #6)",Robert Jordan,"Jordan, Robert",,0812513754,9780812513752,5,4.14,Tor Books,Mass Market Paperback,1011.0,1995.0,1994.0
8074907,"The Thorn of Emberlain (Gentleman Bastard, #4)",Scott Lynch,"Lynch, Scott",,0575079584,9780575079588,0,4.31,Gollancz,Hardcover,512.0,,
40604556,"Red Seas Under Red Skies (Gentleman Bastard, #2)",Scott Lynch,"Lynch, Scott",,,,0,4.22,Del Rey,Kindle Edition,578.0,2018.0,2007.0
2890090,"The Republic of Thieves (Gentleman Bastard, #3)",Scott Lynch,"Lynch, Scott",,0553804693,9780553804690,0,4.19,Del Rey,Hardcover,650.0,2013.0,2013.0
29588376,"The Lies of Locke Lamora (Gentleman Bastard, #1)",Scott Lynch,"Lynch, Scott",,,,0,4.25,Spectra,Kindle Edition,752.0,2006.0,2006.0
13895,"The Fires of Heaven (The Wheel of Time, #5)",Robert Jordan,"Jordan, Robert",,1857232097,9781857232097,4,4.16,Orbit,Paperback,912.0,1994.0,1993.0
9539,"The Shadow Rising (The Wheel of Time, #4)",Robert Jordan,"Jordan, Robert",,0812513738,9780812513738,5,4.24,Tom Doherty Tor Fantasy,Mass Market Paperback,1007.0,1993.0,1992.0
34897,"The Dragon Reborn (The Wheel of Time, #3)",Robert Jordan,"Jordan, Robert",,0765305119,9780765305114,5,4.25,Tor Books,Mass Market Paperback,624.0,2002.0,1991.0
233649,"The Great Hunt (The Wheel of Time, #2)",Robert Jordan,"Jordan, Robert",,0812517725,9780812517729,5,4.23,Tor Books,Mass Market Paperback,705.0,1991.0,1990.0
15704486,"Calamity (Reckoners, #3)",Brandon Sanderson,"Sanderson, Brandon",,0385743602,9780385743600,5,4.19,Delacorte Press,Hardcover,424.0,2016.0,2016.0
18966322,"Mitosis (The Reckoners, #1.5)",Brandon Sanderson,"Sanderson, Brandon",,0449818438,9780449818435,5,3.86,Delacorte Press,ebook,55.0,2013.0,2013.0
15704459,"Firefight (The Reckoners, #2)",Brandon Sanderson,"Sanderson, Brandon",,0385743580,9780385743587,5,4.26,Delacorte Press,Hardcover,416.0,2015.0,2015.0
17182126,"Steelheart (The Reckoners, #1)",Brandon Sanderson,"Sanderson, Brandon",,0385743564,9780385743563,5,4.12,Delacorte Press,Hardcover,386.0,2013.0,2013.0
6382055,"A Dream of Spring (A Song of Ice and Fire, #7)",George R.R. Martin,"Martin, George R.R.",,,,0,4.38,Harper Voyager,Hardcover,,,
12111823,"The Winds of Winter (A Song of Ice and Fire, #6)",George R.R. Martin,"Martin, George R.R.",,0002247410,9780002247412,0,4.4,Harper Voyager,Hardcover,,,
54433225,The Way of Kings Prime,Brandon Sanderson,"Sanderson, Brandon",,,,0,3.87,,ebook,803.0,2020.0,2020.0
8675071,"The Strike at Shayol Ghul (The Wheel of Time, #0.1)",Robert Jordan,"Jordan, Robert",,,,0,3.89,,Online,7.0,1996.0,1996.0
36498720,How Old Holly Came to Be,Patrick Rothfuss,"Rothfuss, Patrick",,,,0,3.29,,ebook,11.0,2013.0,2013.0
21032488,"The Doors of Stone (The Kingkiller Chronicle, #3)",Patrick Rothfuss,"Rothfuss, Patrick",,0575081449,9780575081444,0,3.64,Gollancz,Hardcover,896.0,,
6604209,"Mistborn Trilogy Boxed Set (Mistborn, #1-3)",Brandon Sanderson,"Sanderson, Brandon",,076536543X,9780765365439,0,4.57,Tor Fantasy,Mass Market Paperback,2176.0,2009.0,2009.0
87787,To Kill A Mockingbird,Harper Lee,"Lee, Harper",Jean Armstrong,0333398548,9780333398548,0,4.27,Red Globe Press/Macmillan Master Series,Paperback,96.0,1987.0,1960.0
23947089,"The Lost Metal (Mistborn, #7)",Brandon Sanderson,"Sanderson, Brandon",,1473215269,9781473215269,0,4.34,Gollancz,,352.0,2022.0,
18739426,"The Bands of Mourning (Mistborn, #6)",Brandon Sanderson,"Sanderson, Brandon",,,,5,4.39,Tor,Kindle Edition,448.0,2016.0,2016.0
16065004,"Shadows of Self (Mistborn, #5)",Brandon Sanderson,"Sanderson, Brandon",,0765378558,9780765378552,5,4.27,Tor Books,Hardcover,383.0,2015.0,2015.0
10803121,"The Alloy of Law (Mistborn Saga, #4)",Brandon Sanderson,"Sanderson, Brandon",,0765330423,9780765330420,5,4.19,Tor Books,Hardcover,332.0,2011.0,2011.0
34703445,"Edgedancer (The Stormlight Archive, #2.5)",Brandon Sanderson,"Sanderson, Brandon",,1250166543,9781250166548,5,4.27,Tor Books,Hardcover,272.0,2017.0,2017.0
13578175,The Emperor's Soul,Brandon Sanderson,"Sanderson, Brandon",,1616960922,9781616960926,5,4.32,Tachyon Publications,Paperback,175.0,2012.0,2012.0
34002132,"Oathbringer (The Stormlight Archive, #3)",Brandon Sanderson,"Sanderson, Brandon",,076532637X,9780765326379,5,4.57,Tor Books,Hardcover,1248.0,2017.0,2017.0
7260188,"Mockingjay (The Hunger Games, #3)",Suzanne Collins,"Collins, Suzanne",,0439023513,9780439023511,4,4.05,Scholastic Press,Hardcover,398.0,2010.0,2010.0
6148028,"Catching Fire (The Hunger Games, #2)",Suzanne Collins,"Collins, Suzanne",,0439023491,9780439023498,5,4.3,Scholastic Press,Hardcover,391.0,2009.0,2009.0
68427,"Elantris (Elantris, #1)",Brandon Sanderson,"Sanderson, Brandon",,0765350378,9780765350374,5,4.17,Tor Fantasy,Mass Market Paperback,622.0,2006.0,2005.0
2767052,"The Hunger Games (The Hunger Games, #1)",Suzanne Collins,"Collins, Suzanne",,0439023483,9780439023481,5,4.32,Scholastic Press,Hardcover,374.0,2008.0,2008.0
33590260,"Kingdom of Ash (Throne of Glass, #7)",Sarah J. Maas,"Maas, Sarah J.",Mario Pulver,1619636107,9781619636101,4,4.56,Bloomsbury YA,Hardcover,984.0,2018.0,2018.0
22733616,"Neverseen (Keeper of the Lost Cities, #4)",Shannon Messenger,"Messenger, Shannon",,,,4,4.64,Aladdin,,672.0,2015.0,2015.0
13260668,"Everblaze (Keeper of the Lost Cities, #3)",Shannon Messenger,"Messenger, Shannon",,1442445998,9781442445994,5,4.57,Aladdin,Hardcover,624.0,2014.0,2014.0
13260670,"Exile (Keeper of the Lost Cities, #2)",Shannon Messenger,"Messenger, Shannon",,,9781442445987,5,4.53,Aladdin,ebook,576.0,2013.0,2013.0
28006096,"The Burning Maze (The Trials of Apollo, #3)",Rick Riordan,"Riordan, Rick",,1484746430,9781368024129,5,4.34,Disney-Hyperion,Hardcover,448.0,2018.0,2018.0
12842828,"Keeper of the Lost Cities (Keeper of the Lost Cities, #1)",Shannon Messenger,"Messenger, Shannon",,1442445939,9781442445932,5,4.44,Aladdin,Hardcover,496.0,2012.0,2012.0
30145666,"The Dark Prophecy (The Trials of Apollo, #2)",Rick Riordan,"Riordan, Rick",John Rocco,1484746422,9781484746424,5,4.21,Disney-Hyperion,Hardcover,414.0,2017.0,2017.0
44150974,"Legacy (Keeper of the Lost Cities, #8)",Shannon Messenger,"Messenger, Shannon",,,,0,4.51,Aladdin,Kindle Edition,797.0,2019.0,2019.0
32762937,"Flashback (Keeper of the Lost Cities, #7)",Shannon Messenger,"Messenger, Shannon",,1481497456,9781481497459,0,4.41,Aladdin,ebook,848.0,2018.0,2018.0
32762917,"Nightfall (Keeper of the Lost Cities, #6)",Shannon Messenger,"Messenger, Shannon",,1481497421,9781481497428,0,4.6,Aladdin,ebook,576.0,2017.0,2017.0
27272698,"Lodestar (Keeper of the Lost Cities, #5)",Shannon Messenger,"Messenger, Shannon",,,,0,4.61,Aladdin,Hardcover,688.0,2016.0,2016.0
518848,"Sabriel (Abhorsen,  #1)",Garth Nix,"Nix, Garth",,0064471837,9780064471831,0,4.14,Harper Collins,Mass Market Paperback,491.0,1996.0,1995.0
26252859,"The Hidden Oracle (The Trials of Apollo, #1)",Rick Riordan,"Riordan, Rick",,148473274X,9781484732748,5,4.19,Disney-Hyperion,Hardcover,384.0,2016.0,2016.0
31450852,"Tower of Dawn (Throne of Glass, #6)",Sarah J. Maas,"Maas, Sarah J.",,1681195771,9781681195773,4,4.29,Bloomsbury USA Childrens,Hardcover,660.0,2017.0,2017.0
28260587,"Empire of Storms (Throne of Glass, #5)",Sarah J. Maas,"Maas, Sarah J.",,,,4,4.52,Bloomsbury Children's Books,Hardcover,689.0,2016.0,2016.0
18006496,"Queen of Shadows (Throne of Glass, #4)",Sarah J. Maas,"Maas, Sarah J.",,1619636042,9781619636040,4,4.53,Bloomsbury USA Childrens,Hardcover,648.0,2015.0,2015.0
37903770,Norse Mythology,Neil Gaiman,"Gaiman, Neil",,,,0,4.08,W. W. Norton & Company,Paperback,301.0,2018.0,2017.0
16793,Stardust,Neil Gaiman,"Gaiman, Neil",,0061142026,9780061142024,0,4.08,Harper Perennial,Paperback,248.0,2006.0,1998.0
20613470,"Heir of Fire (Throne of Glass, #3)",Sarah J. Maas,"Maas, Sarah J.",,1619630656,9781619630659,5,4.44,Bloomsbury USA Childrens,Hardcover,565.0,2014.0,2014.0
21787,The Princess Bride,William Goldman,"Goldman, William",,0345418263,9780345418265,0,4.25,Ballantine Books,Paperback,456.0,2003.0,1973.0
31076583,"A Court of Frost and Starlight (A Court of Thorns and Roses, #3.1)",Sarah J. Maas,"Maas, Sarah J.",,168119631X,9781681196312,0,3.81,Bloomsbury YA,Hardcover,229.0,2018.0,2018.0
23766634,"A Court of Wings and Ruin (A Court of Thorns and Roses, #3)",Sarah J. Maas,"Maas, Sarah J.",,1408857901,9781408857908,0,4.41,Bloomsbury Publishing,Paperback,705.0,2017.0,2017.0
16096824,"A Court of Thorns and Roses (A Court of Thorns and Roses, #1)",Sarah J. Maas,"Maas, Sarah J.",,1619634449,9781619634442,0,4.18,Bloomsbury USA Childrens,Hardcover,419.0,2015.0,2015.0
17927395,"A Court of Mist and Fury (A Court of Thorns and Roses, #2)",Sarah J. Maas,"Maas, Sarah J.",,,,0,4.59,Bloomsbury USA Childrens,Kindle Edition,626.0,2016.0,2016.0
3777732,"City of Glass (The Mortal Instruments, #3)",Cassandra Clare,"Clare, Cassandra",,1416914307,9781416914303,0,4.29,Margaret K. McElderry Books,Hardcover,541.0,2009.0,2009.0
11127,"The Chronicles of Narnia (Chronicles of Narnia, #1-7)",C.S. Lewis,"Lewis, C.S.",Pauline Baynes,0066238501,9780066238500,0,4.25,HarperCollins,Paperback,767.0,2014.0,1956.0
3950967,The Tales of Beedle the Bard (Hogwarts Library),J.K. Rowling,"Rowling, J.K.",Lý Lan,0747599874,9780747599876,0,4.04,Bloomsbury,Hardcover,109.0,2008.0,2008.0
7332,The Silmarillion,J.R.R. Tolkien,"Tolkien, J.R.R.","Christopher Tolkien, Ted Nasmith",0618391118,9780618391110,0,3.94,Houghton Mifflin Company,Hardcover,386.0,2004.0,1977.0
29056083,"Harry Potter and the Cursed Child: Parts One and Two (Harry Potter, #8)",John Tiffany,"Tiffany, John","Jack Thorne, J.K. Rowling",0751565350,9780751565355,0,3.56,"Little, Brown",Hardcover,343.0,2016.0,2016.0
3236307,"Graceling (Graceling Realm, #1)",Kristin Cashore,"Cashore, Kristin",,,9780152063962,0,4.06,Harcourt,Hardcover,471.0,2008.0,2008.0
33,The Lord of the Rings,J.R.R. Tolkien,"Tolkien, J.R.R.","Quirino Principe, Elémire Zolla",,,0,4.5,Houghton Mifflin Harcourt,Paperback,1216.0,2005.0,1955.0
18512,"The Return of the King (The Lord of the Rings, #3)",J.R.R. Tolkien,"Tolkien, J.R.R.",Maria Skibniewska,,,0,4.54,Del Rey,Mass Market Paperback,404.0,2003.0,1955.0
17167166,"Crown of Midnight (Throne of Glass, #2)",Sarah J. Maas,"Maas, Sarah J.",,1619630621,9781619630628,5,4.36,Bloomsbury USA Childrens,Hardcover,420.0,2013.0,2013.0
13419891,"The Assassin and the Desert (Throne of Glass, #0.3)",Sarah J. Maas,"Maas, Sarah J.",,,,4,4.4,Bloomsbury USA Childrens,Kindle Edition,103.0,2012.0,2012.0
18333581,"The Assassin and the Healer (Throne of Glass, #0.2)",Sarah J. Maas,"Maas, Sarah J.",,,,4,4.22,Bloomsbury Publishing,ebook,40.0,2013.0,2012.0
13546173,"The Assassin and the Underworld (Throne of Glass, #0.4)",Sarah J. Maas,"Maas, Sarah J.",,,,5,4.36,Bloomsbury USA Childrens,Kindle Edition,102.0,2012.0,2012.0
13415554,"The Assassin and the Pirate Lord (Throne of Glass, #0.1)",Sarah J. Maas,"Maas, Sarah J.",,,,4,4.22,Bloomsbury Children’s,Kindle Edition,70.0,2012.0,2012.0
13565676,"The Assassin and the Empire (Throne of Glass, #0.5)",Sarah J. Maas,"Maas, Sarah J.",,,,5,4.41,Bloomsbury USA Children's,Kindle Edition,94.0,2012.0,2012.0
7896527,"Throne of Glass (Throne of Glass, #1)",Sarah J. Maas,"Maas, Sarah J.",,,,5,4.18,Bloomsbury USA Children's,Hardcover,406.0,2012.0,2012.0
21535271,"The Slow Regard of Silent Things (The Kingkiller Chronicle, #2.5)",Patrick Rothfuss,"Rothfuss, Patrick",Nate  Taylor,0756410436,9780756410438,0,3.89,DAW Books,Hardcover,159.0,2014.0,2014.0
28006120,"The Ship of the Dead (Magnus Chase and the Gods of Asgard, #3)",Rick Riordan,"Riordan, Rick",,1423160932,9781423160939,5,4.39,Disney-Hyperion Books,Hardcover,410.0,2017.0,2017.0
15724396,"The Sword of Summer (Magnus Chase and the Gods of Asgard, #1)",Rick Riordan,"Riordan, Rick",,1423160916,9781423160915,5,4.21,Disney-Hyperion Books,Hardcover,499.0,2015.0,2015.0
27904311,"The Hammer of Thor (Magnus Chase and the Gods of Asgard, #2)",Rick Riordan,"Riordan, Rick",,1423160924,9781423160922,4,4.34,Disney-Hyperion Books,Hardcover,459.0,2016.0,2016.0
6043781,"Blood of Elves (The Witcher, #1)",Andrzej Sapkowski,"Sapkowski, Andrzej",Danusia Stok,031602919X,9780316029193,5,4.09,Hachette Book Group,Mass Market Paperback,398.0,2009.0,1994.0
13027796,"The Red Pyramid: The Graphic Novel (The Kane Chronicles: The Graphic Novels, #1)",Orpheus Collar,"Collar, Orpheus",Rick Riordan,1423150686,9781423150688,5,4.29,Disney-Hyperion,Hardcover,192.0,2012.0,2012.0
12127750,"The Mark of Athena (The Heroes of Olympus, #3)",Rick Riordan,"Riordan, Rick",,1423140605,9781423140603,4,4.44,Disney-Hyperion Books,Hardcover,592.0,2012.0,2012.0
7736182,"The Lost Hero (The Heroes of Olympus, #1)",Rick Riordan,"Riordan, Rick",,142311339X,9781423113393,4,4.31,Disney-Hyperion Books,Hardcover,576.0,2010.0,2010.0
1268716,Jane Eyre,Anna Claybourne,"Claybourne, Anna",Charlotte Brontë,0794518702,9780794518707,5,4.38,Usborne Books,Paperback,176.0,2007.0,2006.0
30,J.R.R. Tolkien 4-Book Boxed Set: The Hobbit and The Lord of the Rings,J.R.R. Tolkien,"Tolkien, J.R.R.",,0345538374,9780345538376,0,4.6,Ballantine Books,Mass Market Paperback,1728.0,2012.0,1955.0
43615,"The Gunslinger (The Dark Tower, #1)",Stephen King,"King, Stephen",,,,0,3.94,Plume,Paperback,231.0,2003.0,1982.0
11870085,The Fault in Our Stars,John Green,"Green, John",Fabiola Stevenson,,,0,4.18,Dutton Books,Hardcover,313.0,2012.0,2012.0
7733,Gulliver's Travels: Travels into Several Remote Nations of the World.,Jonathan Swift,"Swift, Jonathan",Robert DeMaria Jr.,0141439491,9780141439495,0,3.58,Penguin,Paperback,306.0,2003.0,1726.0
128029,A Thousand Splendid Suns,Khaled Hosseini,"Hosseini, Khaled",,1594489505,9781594489501,0,4.39,Riverhead Books,Hardcover,372.0,2007.0,2007.0
77203,The Kite Runner,Khaled Hosseini,"Hosseini, Khaled",,,,0,4.32,Riverhead Books,Paperback,371.0,2004.0,2003.0
35031085,Frankenstein: The 1818 Text,Mary Wollstonecraft Shelley,"Shelley, Mary Wollstonecraft",Charlotte Gordon,,,0,3.83,Penguin Classics,Paperback,260.0,2018.0,1818.0
49041,"New Moon (The Twilight Saga, #2)",Stephenie Meyer,"Meyer, Stephenie",,,,0,3.56,"Little, Brown and Company",Hardcover,563.0,2006.0,2006.0
41865,"Twilight (The Twilight Saga, #1)",Stephenie Meyer,"Meyer, Stephenie",,0316015849,9780316015844,0,3.62,"Little, Brown and Company",ebook,387.0,2006.0,2005.0
